division,family,subfamily,tribe,genus,specific_epithet,subspecific_epithet,common_name,scientific_name,author,year_of_publication
Heterocera,,,,,,,,,,
Rhopalocera,,,,,,,,,,
,Adelidae,,,,,,,,,
,Attevidae,,,,,,,,,
,Bombycidae,,,,,,,,,
,Callidulidae,,,,,,,,,
,Carposinidae,,,,,,,,,
,Choreutidae,,,,,,,,,
,Cossidae,,,,,,,,,
,Crambidae,,,,,,,,,
,Drepanidae,,,,,,,,,
,Erebdae,,,,,,,,,
,Erebidae,,,,,,,,,
,Eupterotidae,,,,,,,,,
,Euteliidae,,,,,,,,,
,Geometridae,,,,,,,,,
,Glyphipterigidae,,,,,,,,,
,Hepialidae,,,,,,,,,
,Hesperiidae,,,,,,,,,
,Hyblaeidae,,,,,,,,,
,Immidae,,,,,,,,,
,Lasiocampidae,,,,,,,,,
,Limacodidae,,,,,,,,,
,Lycaenidae,,,,,,,,,
,Noctuidae,,,,,,,,,
,Nolidae,,,,,,,,,
,Notodontidae,,,,,,,,,
,Nymphalidae,,,,,,,,,
,Papilionidae,,,,,,,,,
,Phaudidae,,,,,,,,,
,Pieridae,,,,,,,,,
,Plutellidae,,,,,,,,,
,Psychidae,,,,,,,,,
,Pterophoridae,,,,,,,,,
,Pyralidae,,,,,,,,,
,Riodinidae,,,,,,,,,
,Saturniidae,,,,,,,,,
,Sesiidae,,,,,,,,,
,Sphingidae,,,,,,,,,
,Thyrididae,,,,,,,,,
,Tineidae,,,,,,,,,
,Torticidae,,,,,,,,,
,Tortricidae,,,,,,,,,
,Uranidae,,,,,,,,,
,Uraniidae,,,,,,,,,
,Zygaenidae,,,,,,,,,
,,Acentropinae,,,,,,,,
,,Acontiinae,,,,,,,,
,,Acronictinae,,,,,,,,
,,Adelinae,,,,,,,,
,,Aediinae,,,,,,,,
,,Aganainae,,,,,,,,
,,Agaristinae,,,,,,,,
,,Amphipyrinae,,,,,,,,
,,Anobinae,,,,,,,,
,,Arctiinae,,,,,,,,
,,Auzeinae,,,,,,,,
,,Bagisarinae,,,,,,,,
,,Beaninae,,,,,,,,
,,Boletobiinae,,,,,,,,
,,Bombombycinae,,,,,,,,
,,Bombycinae,,,,,,,,
,,Brenthiinae,,,,,,,,
,,Callidulinae,,,,,,,,
,,Callizygaeninae,,,,,,,,
,,Calpinae,,,,,,,,
,,Cerurinae,,,,,,,,
,,Chalcosiinae,,,,,,,,
,,Chalcosiinaenae,,,,,,,,
,,Charaxinae,,,,,,,,
,,Chloephorinae,,,,,,,,
,,Choreutinae,,,,,,,,
,,Chysauginae,,,,,,,,
,,Coeliadinae,,,,,,,,
,,Coliadinae,,,,,,,,
,,Condicinae,,,,,,,,
,,Cossinae,,,,,,,,
,,Crambinae,,,,,,,,
,,Curetinae,,,,,,,,
,,Danainae,,,,,,,,
,,Desmobathrinae,,,,,,,,
,,Deuterocopinae,,,,,,,,
,,Dicranurinae,,,,,,,,
,,Drepaninae,,,,,,,,
,,Dudusinae,,,,,,,,
,,Dyopsinae,,,,,,,,
,,Eligminae,,,,,,,,
,,Ennominae,,,,,,,,
,,Epipaschiinae,,,,,,,,
,,Epipleminae,,,,,,,,
,,Erebinae,,,,,,,,
,,Eriopinae,,,,,,,,
,,Eulepidotinae,,,,,,,,
,,Eupterotinae,,,,,,,,
,,Euteliinae,,,,,,,,
,,Evergestinae,,,,,,,,
,,Galleriinae,,,,,,,,
,,Geometrinae,,,,,,,,
,,Glaphyriinae,,,,,,,,
,,Glyphipteriginae,,,,,,,,
,,Hadeninae,,,,,,,,
,,Heliothelinae,,,,,,,,
,,Heliothinae,,,,,,,,
,,Herminiinae,,,,,,,,
,,Hesperiinae,,,,,,,,
,,Heterocampinae,,,,,,,,
,,Hieroxestinae,,,,,,,,
,,Hypeninae,,,,,,,,
,,Hypenodinae,,,,,,,,
,,Hypocalinae,,,,,,,,
,,Larentiinae,,,,,,,,
,,Lasiocampinae,,,,,,,,
,,Lathrotelinae,,,,,,,,
,,Libytheinae,,,,,,,,
,,Limacodinae,,,,,,,,
,,Lycaeninae,,,,,,,,
,,Lymantriinae,,,,,,,,
,,Macroglossinae,,,,,,,,
,,Metarbelinae,,,,,,,,
,,Metoponiinae,,,,,,,,
,,Microniinae,,,,,,,,
,,Miletinae,,,,,,,,
,,Musotiminae,,,,,,,,
,,Myrmecozelinae,,,,,,,,
,,Noctuinae,,,,,,,,
,,Nolinae,,,,,,,,
,,Notodontinae,,,,,,,,
,,Nymphalinae,,,,,,,,
,,Ochyroticinae,,,,,,,,
,,Odontiinae,,,,,,,,
,,Oenochrominae,,,,,,,,
,,Olethreutinae,,,,,,,,
,,Oretinae,,,,,,,,
,,Orthostixinae,,,,,,,,
,,Pangraptinae,,,,,,,,
,,Pantheinae,,,,,,,,
,,Pantheinei,,,,,,,,
,,Papilioninae,,,,,,,,
,,Perissomasticinae,,,,,,,,
,,Phalerinae,,,,,,,,
,,Phycitinae,,,,,,,,
,,Pierinae,,,,,,,,
,,Pinarinae,,,,,,,,
,,Plusiinae,,,,,,,,
,,Plutellinae,,,,,,,,
,,Poritiinae,,,,,,,,
,,Procridinae,,,,,,,,
,,Pterophorinae,,,,,,,,
,,Ptilodontinae,,,,,,,,
,,Pygaerinae,,,,,,,,
,,Pyralinae,,,,,,,,
,,Pyraustinae,,,,,,,,
,,Pyrginae,,,,,,,,
,,Riodininae,,,,,,,,
,,Risobinae,,,,,,,,
,,Rivulinae,,,,,,,,
,,Saturniinae,,,,,,,,
,,Satyrinae,,,,,,,,
,,Schoenobiinae,,,,,,,,
,,Scoliopteryginae,,,,,,,,
,,Siculodinae,,,,,,,,
,,Smerinthinae,,,,,,,,
,,Sphinginae,,,,,,,,
,,Spilomelinae,,,,,,,,
,,Sterrhinae,,,,,,,,
,,Stictopterinae,,,,,,,,
,,Striglininae,,,,,,,,
,,Thyatrinae,,,,,,,,
,,Tineinae,,,,,,,,
,,Tortricinae,,,,,,,,
,,Toxocampinae,,,,,,,,
,,Uraniinae,,,,,,,,
,,Westermanniinae,,,,,,,,
,,Wurthiinae,,,,,,,,
,,Zeuzerinae,,,,,,,,
,,,Abraxini,,,,,,,
,,,Acantholipini,,,,,,,
,,,Amathusiini,,,,,,,
,,,Amphigoniini,,,,,,,
,,,Apaturini,,,,,,,
,,,Aphnaeini,,,,,,,
,,,Arctiini,,,,,,,
,,,Arctornithini,,,,,,,
,,,Argyrogrammatini,,,,,,,
,,,Aventiini,,,,,,,
,,,Baptini,,,,,,,
,,,Biblidini,,,,,,,
,,,Boarmiini,,,,,,,
,,,Caberini,,,,,,,
,,,Calpini,,,,,,,
,,,Caradrinini,,,,,,,
,,,Careini,,,,,,,
,,,Cassymini,,,,,,,
,,,Catephiini,,,,,,,
,,,Charaxini,,,,,,,
,,,Cidariini,,,,,,,
,,,Cocytiini,,,,,,,
,,,Condicini,,,,,,,
,,,Cosymbiini,,,,,,,
,,,Crambini,,,,,,,
,,,Cyrestini,,,,,,,
,,,Danaini,,,,,,,
,,,Desmobathrini,,,,,,,
,,,Dysphaniini,,,,,,,
,,,Eariadini,,,,,,,
,,,Enarmoniini,,,,,,,
,,,Ercheiini,,,,,,,
,,,Erebini,,,,,,,
,,,Erionotini,,,,,,,
,,,Eublemmini,,,,,,,
,,,Euclidiini,,,,,,,
,,,Eumeleini,,,,,,,
,,,Eupitheciini,,,,,,,
,,,Euploeini,,,,,,,
,,,Eutoeini,,,,,,,
,,,Galleriini,,,,,,,
,,,Geometrini,,,,,,,
,,,Heliconiini,,,,,,,
,,,Hulodini,,,,,,,
,,,Hypochrosini,,,,,,,
,,,Hypopyrini,,,,,,,
,,,Leptocircini,,,,,,,
,,,Leucaniini,,,,,,,
,,,Leucomini,,,,,,,
,,,Limenitidini,,,,,,,
,,,Lithosiinae,,,,,,,
,,,Lithosiini,,,,,,,
,,,Lymantriini,,,,,,,
,,,Macariini,,,,,,,
,,,Micronoctuini,,,,,,,
,,,Miletini,,,,,,,
,,,Noctuini,,,,,,,
,,,Nolini,,,,,,,
,,,Nygmiini,,,,,,,
,,,Nymphaliini,,,,,,,
,,,Ommatophorini,,,,,,,
,,,Ophiderini,,,,,,,
,,,Ophiusini,,,,,,,
,,,Orgyiini,,,,,,,
,,,Orthostixini,,,,,,,
,,,Pandesmini,,,,,,,
,,,Panopodini,,,,,,,
,,,Papilionini,,,,,,,
,,,Pericymini,,,,,,,
,,,Phlogophorini,,,,,,,
,,,Phyllodini,,,,,,,
,,,Phytometrini,,,,,,,
,,,Plusiini,,,,,,,
,,,Plutodini,,,,,,,
,,,Poaphilini,,,,,,,
,,,Polyommatini,,,,,,,
,,,Prodeniini,,,,,,,
,,,Prothoini,,,,,,,
,,,Pseudergolini,,,,,,,
,,,Rivulinae,,,,,,,
,,,Sarrothripini,,,,,,,
,,,Scoliopteygini,,,,,,,
,,,Scopulini,,,,,,,
,,,Spalgini,,,,,,,
,,,Sphingini,,,,,,,
,,,Spilosomini,,,,,,,
,,,Sterrhini,,,,,,,
,,,Sypnini,,,,,,,
,,,Theclini,,,,,,,
,,,Timandrini,,,,,,,
,,,Toxocampini,,,,,,,
,,,Trichopterygini,,,,,,,
,,,Troidini,,,,,,,
,,,,Abisara,,,,,,
,,,,Abraxas,,,,,,
,,,,Acerbas,,,,,,
,,,,Achaea,,,,,,
,,,,Acherontia,,,,,,
,,,,Achillides,,,,,,
,,,,Achrosis,,,,,,
,,,,Acleris,,,,,,
,,,,Acolutha,,,,,,
,,,,Acosmeryx,,,,,,
,,,,Acrophtalmia,,,,,,
,,,,Acropteris,,,,,,
,,,,Actias,,,,,,
,,,,Acytolepis,,,,,,
,,,,Adites,,,,,,
,,,,Adrapsa,,,,,,
,,,,Aedia,,,,,,
,,,,Aemene,,,,,,
,,,,Aeolopetra,,,,,,
,,,,Aeromachus,,,,,,
,,,,Aethaloessa,,,,,,
,,,,Agape,,,,,,
,,,,Agathia,,,,,,
,,,,Agathodes,,,,,,
,,,,Agrioglypta,,,,,,
,,,,Agrius,,,,,,
,,,,Agrotera,,,,,,
,,,,Aiteta,,,,,,
,,,,Alex,,,,,,
,,,,Algia,,,,,,
,,,,Allata,,,,,,
,,,,Allodonta,,,,,,
,,,,Allotinus,,,,,,
,,,,Aloa,,,,,,
,,,,Amalodeta,,,,,,
,,,,Amathusia,,,,,,
,,,,Amathuxidia,,,,,,
,,,,Ambia,,,,,,
,,,,Amblychia,,,,,,
,,,,Amblypodia,,,,,,
,,,,Ambulyx,,,,,,
,,,,Amerila,,,,,,
,,,,Amphigonia,,,,,,
,,,,Amplypterus,,,,,,
,,,,Amyna,,,,,,
,,,,Ancistroides,,,,,,
,,,,Ancylolomia,,,,,,
,,,,Anereuthina,,,,,,
,,,,Anisoneura,,,,,,
,,,,Ann,,,,,,
,,,,Anomis,,,,,,
,,,,Anthene,,,,,,
,,,,Antheraea,,,,,,
,,,,Anthozela,,,,,,
,,,,Anticarsia,,,,,,
,,,,Antitrygodes,,,,,,
,,,,Anuga,,,,,,
,,,,Apha,,,,,,
,,,,Aporandria,,,,,,
,,,,Appias,,,,,,
,,,,Apsarasa,,,,,,
,,,,Araotes,,,,,,
,,,,Arcesis,,,,,,
,,,,Archips,,,,,,
,,,,Arcte,,,,,,
,,,,Arctornis,,,,,,
,,,,Areas,,,,,,
,,,,Argina,,,,,,
,,,,Argyreus,,,,,,
,,,,Arhopala,,,,,,
,,,,Ariadne,,,,,,
,,,,Arisbe,,,,,,
,,,,Arna,,,,,,
,,,,Aroa,,,,,,
,,,,Arsacia,,,,,,
,,,,Artaxa,,,,,,
,,,,Artena,,,,,,
,,,,Arthisma,,,,,,
,,,,Arthroschista,,,,,,
,,,,Artona,,,,,,
,,,,Asota,,,,,,
,,,,Ataboruza,,,,,,
,,,,Athetis,,,,,,
,,,,Athyma,,,,,,
,,,,Atrophaneura,,,,,,
,,,,Attacus,,,,,,
,,,,Attatha,,,,,,
,,,,Atteva,,,,,,
,,,,Autoba,,,,,,
,,,,Avatha,,,,,,
,,,,Axinoptera,,,,,,
,,,,Axylia,,,,,,
,,,,Badamia,,,,,,
,,,,Bamra,,,,,,
,,,,Banisia,,,,,,
,,,,Baoris,,,,,,
,,,,Baorisa,,,,,,
,,,,Barsine,,,,,,
,,,,Bassarona,,,,,,
,,,,Bastilla,,,,,,
,,,,Beana,,,,,,
,,,,Bematha,,,,,,
,,,,Bembecia,,,,,,
,,,,Berta,,,,,,
,,,,Bertula,,,,,,
,,,,Bibasis,,,,,,
,,,,Bindahara,,,,,,
,,,,Birthamoides,,,,,,
,,,,Birthana,,,,,,
,,,,Biston,,,,,,
,,,,Blenina,,,,,,
,,,,Bocana,,,,,,
,,,,Bocula,,,,,,
,,,,Boradiopsis,,,,,,
,,,,Borbo,,,,,,
,,,,Borbotana,,,,,,
,,,,Botyodes,,,,,,
,,,,Bracca,,,,,,
,,,,Bradina,,,,,,
,,,,Brenthia,,,,,,
,,,,Britha,,,,,,
,,,,Brunia,,,,,,
,,,,Buzara,,,,,,
,,,,Cabarda,,,,,,
,,,,Calaenorrhinus,,,,,,
,,,,Caleta,,,,,,
,,,,Callidrepana,,,,,,
,,,,Callidula,,,,,,
,,,,Calliteara,,,,,,
,,,,Callopistria,,,,,,
,,,,Calymera,,,,,,
,,,,Campromastix,,,,,,
,,,,Cania,,,,,,
,,,,Canucha,,,,,,
,,,,Carriola,,,,,,
,,,,Castalius,,,,,,
,,,,Catapaecilma,,,,,,
,,,,Catochrysops,,,,,,
,,,,Catopsilia,,,,,,
,,,,Catopyrops,,,,,,
,,,,Catoria,,,,,,
,,,,Cechenena,,,,,,
,,,,Celaenorrhinus,,,,,,
,,,,Celarchus,,,,,,
,,,,Celastrina,,,,,,
,,,,Celerena,,,,,,
,,,,Cephonodes,,,,,,
,,,,Cepora,,,,,,
,,,,Cerasana,,,,,,
,,,,Cerynea,,,,,,
,,,,Cethosia,,,,,,
,,,,Chadisra,,,,,,
,,,,Chalciope,,,,,,
,,,,Chalcocelis,,,,,,
,,,,Chalcosia,,,,,,
,,,,Chandica,,,,,,
,,,,Characoma,,,,,,
,,,,Charaxes,,,,,,
,,,,Chasmina,,,,,,
,,,,Checupa,,,,,,
,,,,Cheritra,,,,,,
,,,,Chersonesia,,,,,,
,,,,Chiasmia,,,,,,
,,,,Chilades,,,,,,
,,,,Chilasa,,,,,,
,,,,Chilkasa,,,,,,
,,,,Chilo,,,,,,
,,,,Chloroclystis,,,,,,
,,,,Chloroplaga,,,,,,
,,,,Choaspes,,,,,,
,,,,Chora,,,,,,
,,,,Choreutis,,,,,,
,,,,Chorodna,,,,,,
,,,,Chrysaeglia,,,,,,
,,,,Chrysocraspeda,,,,,,
,,,,Chrysodeixis,,,,,,
,,,,Chrysopera,,,,,,
,,,,Chrysothyridia,,,,,,
,,,,Circobotys,,,,,,
,,,,Cirrhochrista,,,,,,
,,,,Cirrochroa,,,,,,
,,,,Clanis,,,,,,
,,,,Clelea,,,,,,
,,,,Cleoda,,,,,,
,,,,Cleora,,,,,,
,,,,Clethrogyna,,,,,,
,,,,Clostera,,,,,,
,,,,Clupeosoma,,,,,,
,,,,Cnaphalocrocis,,,,,,
,,,,Cnesteboda,,,,,,
,,,,Coenostola,,,,,,
,,,,Coladenia,,,,,,
,,,,Comibaena,,,,,,
,,,,Comostola,,,,,,
,,,,Condica,,,,,,
,,,,Conservula,,,,,,
,,,,Corgatha,,,,,,
,,,,Corymica,,,,,,
,,,,Coryptilum,,,,,,
,,,,Cotachena,,,,,,
,,,,Craniophora,,,,,,
,,,,Craspedosis,,,,,,
,,,,Creatonotos,,,,,,
,,,,Cricula,,,,,,
,,,,Crocidolomia,,,,,,
,,,,Cryptophlebia,,,,,,
,,,,Cryptothelea,,,,,,
,,,,Ctenoplusia,,,,,,
,,,,Culapa,,,,,,
,,,,Culladia,,,,,,
,,,,Cupha,,,,,,
,,,,Curetis,,,,,,
,,,,Cyana,,,,,,
,,,,Cyclodes,,,,,,
,,,,Cyclosia,,,,,,
,,,,Cydalima,,,,,,
,,,,Cynitia,,,,,,
,,,,Cypa,,,,,,
,,,,Cyrestis,,,,,,
,,,,Dacalana,,,,,,
,,,,Daddala,,,,,,
,,,,Danala,,,,,,
,,,,Danaus,,,,,,
,,,,Daona,,,,,,
,,,,Daphnis,,,,,,
,,,,Daphnusa,,,,,,
,,,,Darantasia,,,,,,
,,,,Dasychira,,,,,,
,,,,Dausara,,,,,,
,,,,Decetia,,,,,,
,,,,Delgamma,,,,,,
,,,,Delias,,,,,,
,,,,Deramas,,,,,,
,,,,Derambila,,,,,,
,,,,Deudorix,,,,,,
,,,,Deuterocopus,,,,,,
,,,,Diacrotricha,,,,,,
,,,,Diaphania,,,,,,
,,,,Diarsia,,,,,,
,,,,Diasemia,,,,,,
,,,,Diathrausta,,,,,,
,,,,Dichocrocis,,,,,,
,,,,Dichorragia,,,,,,
,,,,Dichromia,,,,,,
,,,,Dictyestra,,,,,,
,,,,Diduga,,,,,,
,,,,Diehlea,,,,,,
,,,,Dindica,,,,,,
,,,,Dinumma,,,,,,
,,,,Dioryctria,,,,,,
,,,,Discolampa,,,,,,
,,,,Discophora,,,,,,
,,,,Dolbina,,,,,,
,,,,Doleschallia,,,,,,
,,,,Doloessa,,,,,,
,,,,Dophla,,,,,,
,,,,Drina,,,,,,
,,,,Drupadia,,,,,,
,,,,Dudusa,,,,,,
,,,,Dura,,,,,,
,,,,Dyrzela,,,,,,
,,,,Dysaethria,,,,,,
,,,,Dysphania,,,,,,
,,,,Earias,,,,,,
,,,,Ecliptopera,,,,,,
,,,,Ectropis,,,,,,
,,,,Edith,,,,,,
,,,,Edosa,,,,,,
,,,,Egnasia,,,,,,
,,,,Eilema,,,,,,
,,,,Electrophaes,,,,,,
,,,,Elibia,,,,,,
,,,,Eligma,,,,,,
,,,,Elusa,,,,,,
,,,,Elydnodes,,,,,,
,,,,Elymnias,,,,,,
,,,,Endoclita,,,,,,
,,,,Endotricha,,,,,,
,,,,Entomogramma,,,,,,
,,,,Eois,,,,,,
,,,,Eoophyla,,,,,,
,,,,Eooxylides,,,,,,
,,,,Epicrocis,,,,,,
,,,,Episteira,,,,,,
,,,,Episteme,,,,,,
,,,,Ercheia,,,,,,
,,,,Erebus,,,,,,
,,,,Ericeia,,,,,,
,,,,Erionota,,,,,,
,,,,Erites,,,,,,
,,,,Ernolatia,,,,,,
,,,,Ertzica,,,,,,
,,,,Eublema,,,,,,
,,,,Eublemma,,,,,,
,,,,Euchrysops,,,,,,
,,,,Euclasta,,,,,,
,,,,Eucorma,,,,,,
,,,,Eucyclodes,,,,,,
,,,,Eudemis,,,,,,
,,,,Eudocima,,,,,,
,,,,Eugauria,,,,,,
,,,,Eugnathia,,,,,,
,,,,Eugoa,,,,,,
,,,,Eumelea,,,,,,
,,,,Eumeta,,,,,,
,,,,Eupanacra,,,,,,
,,,,Euphiuche,,,,,,
,,,,Euplexidia,,,,,,
,,,,Euplocia,,,,,,
,,,,Euploea,,,,,,
,,,,Euproctis,,,,,,
,,,,Eupterote,,,,,,
,,,,Eurema,,,,,,
,,,,Euripus,,,,,,
,,,,Europlema,,,,,,
,,,,Eurrhyparodes,,,,,,
,,,,Eurypteryx,,,,,,
,,,,Eutelia,,,,,,
,,,,Euthalia,,,,,,
,,,,Eutoea,,,,,,
,,,,Everes,,,,,,
,,,,Exelastis,,,,,,
,,,,Fascellina,,,,,,
,,,,Faunis,,,,,,
,,,,Filodes,,,,,,
,,,,Flammona,,,,,,
,,,,Flos,,,,,,
,,,,Fobeades,,,,,,
,,,,Freyeria,,,,,,
,,,,Fritillerynnis,,,,,,
,,,,Galleria,,,,,,
,,,,Gandaca,,,,,,
,,,,Gangara,,,,,,
,,,,Gangarides,,,,,,
,,,,Ganisa,,,,,,
,,,,Gargetta,,,,,,
,,,,Garudinia,,,,,,
,,,,Gastropacha,,,,,,
,,,,Gatesclarkeana,,,,,,
,,,,Genusa,,,,,,
,,,,Gerontha,,,,,,
,,,,Gerosis,,,,,,
,,,,Gesonia,,,,,,
,,,,Giaura,,,,,,
,,,,Glyphipterix,,,,,,
,,,,Glyphodes,,,,,,
,,,,Gnathothlibus,,,,,,
,,,,Grammodes,,,,,,
,,,,Graphium,,,,,,
,,,,Griseothosea,,,,,,
,,,,Gunda,,,,,,
,,,,Gymnoscelis,,,,,,
,,,,Hadennia,,,,,,
,,,,Halpe,,,,,,
,,,,Hamodes,,,,,,
,,,,Haritalodes,,,,,,
,,,,Hasora,,,,,,
,,,,Hebomoia,,,,,,
,,,,Helicoverpa,,,,,,
,,,,Heliothis,,,,,,
,,,,Hellula,,,,,,
,,,,Hemithea,,,,,,
,,,,Hemonia,,,,,,
,,,,Hepsidera,,,,,,
,,,,Herpetogramma,,,,,,
,,,,Hestinalis,,,,,,
,,,,Hesudra,,,,,,
,,,,Heteralex,,,,,,
,,,,Heterogymna,,,,,,
,,,,Heterolocha,,,,,,
,,,,Heterostegane,,,,,,
,,,,Hexadactilia,,,,,,
,,,,Hipoepa,,,,,,
,,,,Hippotion,,,,,,
,,,,Histia,,,,,,
,,,,Holocraspedon,,,,,,
,,,,Holocryptis,,,,,,
,,,,Homodes,,,,,,
,,,,Homona,,,,,,
,,,,Hoploscopa,,,,,,
,,,,Horaga,,,,,,
,,,,Horithyatira,,,,,,
,,,,Host,,,,,,
,,,,Hulodes,,,,,,
,,,,Hyalinarcha,,,,,,
,,,,Hyalobathra,,,,,,
,,,,Hyalospectra,,,,,,
,,,,Hyarotis,,,,,,
,,,,Hyblaea,,,,,,
,,,,Hydrillodes,,,,,,
,,,,Hydriris,,,,,,
,,,,Hylophyllodes,,,,,,
,,,,Hypena,,,,,,
,,,,Hypenagonia,,,,,,
,,,,Hyperythra,,,,,,
,,,,Hypocala,,,,,,
,,,,Hypochrosis,,,,,,
,,,,Hypolimnas,,,,,,
,,,,Hypolycaena,,,,,,
,,,,Hypomecis,,,,,,
,,,,Hypopyra,,,,,,
,,,,Hyposidra,,,,,,
,,,,Hypospila,,,,,,
,,,,Hypothecla,,,,,,
,,,,Hypsopygia,,,,,,
,,,,Hysteroscene,,,,,,
,,,,Idaea,,,,,,
,,,,Idea,,,,,,
,,,,Ideopsis,,,,,,
,,,,Indomyrlaea,,,,,,
,,,,Inouea,,,,,,
,,,,Ionolyce,,,,,,
,,,,Iraota,,,,,,
,,,,Ischyja,,,,,,
,,,,Isocentris,,,,,,
,,,,Jamides,,,,,,
,,,,Jodis,,,,,,
,,,,Junonia,,,,,,
,,,,Kamalia,,,,,,
,,,,Kaniska,,,,,,
,,,,Koruthaialos,,,,,,
,,,,Krananda,,,,,,
,,,,Kunugia,,,,,,
,,,,Lacera,,,,,,
,,,,Laelia,,,,,,
,,,,Lamoria,,,,,,
,,,,Lampides,,,,,,
,,,,Lamproptera,,,,,,
,,,,Lamprosema,,,,,,
,,,,Lantanophaga,,,,,,
,,,,Lasippa,,,,,,
,,,,Laspeyria,,,,,,
,,,,Lassaba,,,,,,
,,,,Lebadea,,,,,,
,,,,Lemyra,,,,,,
,,,,Lepidoscia,,,,,,
,,,,Leptosia,,,,,,
,,,,Leptotes,,,,,,
,,,,Lethe,,,,,,
,,,,Leucania,,,,,,
,,,,Leucinodes,,,,,,
,,,,Lexias,,,,,,
,,,,Libythea,,,,,,
,,,,Lipararchis,,,,,,
,,,,Lista,,,,,,
,,,,Litobrenthia,,,,,,
,,,,Lixa,,,,,,
,,,,Lobobasis,,,,,,
,,,,Loboschiza,,,,,,
,,,,Locharna,,,,,,
,,,,Loepa,,,,,,
,,,,Logania,,,,,,
,,,,Lomographa,,,,,,
,,,,Lopharthrum,,,,,,
,,,,Lophophelma,,,,,,
,,,,Lophophleps,,,,,,
,,,,Lophoptera,,,,,,
,,,,Loryma,,,,,,
,,,,Loxioda,,,,,,
,,,,Loxura,,,,,,
,,,,Luceria,,,,,,
,,,,Luxiaria,,,,,,
,,,,Lyclene,,,,,,
,,,,Lygniodes,,,,,,
,,,,Lymantria,,,,,,
,,,,Lyssa,,,,,,
,,,,Macaldenia,,,,,,
,,,,Macna,,,,,,
,,,,Macotasa,,,,,,
,,,,Macrauzata,,,,,,
,,,,Macrobrochis,,,,,,
,,,,Macroglossum,,,,,,
,,,,Maliattha,,,,,,
,,,,Mangina,,,,,,
,,,,Manoba,,,,,,
,,,,Marasmia,,,,,,
,,,,Maruca,,,,,,
,,,,Marumba,,,,,,
,,,,Matapa,,,,,,
,,,,Matsutaroa,,,,,,
,,,,Maurilia,,,,,,
,,,,Maxates,,,,,,
,,,,Mecodina,,,,,,
,,,,Megacorma,,,,,,
,,,,Megalorhipida,,,,,,
,,,,Meganoton,,,,,,
,,,,Megisba,,,,,,
,,,,Melanitis,,,,,,
,,,,Melanothrix,,,,,,
,,,,Menelaides,,,,,,
,,,,Menophra,,,,,,
,,,,Metaemene,,,,,,
,,,,Metarbela,,,,,,
,,,,Meteugoa,,,,,,
,,,,Methora,,,,,,
,,,,Metoeca,,,,,,
,,,,Microbelia,,,,,,
,,,,Micromelalopha,,,,,,
,,,,Micronia,,,,,,
,,,,Microplutodes,,,,,,
,,,,Miletus,,,,,,
,,,,Milionia,,,,,,
,,,,Miltochrista,,,,,,
,,,,Mimachrostia,,,,,,
,,,,Mimeusemia,,,,,,
,,,,Mixochlora,,,,,,
,,,,Moca,,,,,,
,,,,Mocis,,,,,,
,,,,Moduza,,,,,,
,,,,Monobolodes,,,,,,
,,,,Monocerotesa,,,,,,
,,,,Monopis,,,,,,
,,,,Mooreana,,,,,,
,,,,Mudaria,,,,,,
,,,,Musotima,,,,,,
,,,,Mycalesis,,,,,,
,,,,Mydosama,,,,,,
,,,,Mythimna,,,,,,
,,,,Naarda,,,,,,
,,,,Nacaduba,,,,,,
,,,,Nacoleia,,,,,,
,,,,Nagiella,,,,,,
,,,,Narosa,,,,,,
,,,,Nausinoe,,,,,,
,,,,Naxa,,,,,,
,,,,Nemophora,,,,,,
,,,,Neochera,,,,,,
,,,,Neoduma,,,,,,
,,,,Neogurelca,,,,,,
,,,,Neopithecops,,,,,,
,,,,Neorina,,,,,,
,,,,Neptis,,,,,,
,,,,Nevrina,,,,,,
,,,,Niphanda,,,,,,
,,,,Niphopyralis,,,,,,
,,,,Nishada,,,,,,
,,,,Nola,,,,,,
,,,,Nolasena,,,,,,
,,,,Nordstromia,,,,,,
,,,,Nosophora,,,,,,
,,,,Notarcha,,,,,,
,,,,Nothodanis,,,,,,
,,,,Notocrypta,,,,,,
,,,,Numenes,,,,,,
,,,,Nyctemera,,,,,,
,,,,Nygmia,,,,,,
,,,,Nymphicula,,,,,,
,,,,Ochyrotica,,,,,,
,,,,Ocinara,,,,,,
,,,,Odina,,,,,,
,,,,Odonestis,,,,,,
,,,,Odontoptilum,,,,,,
,,,,Oeonistis,,,,,,
,,,,Olene,,,,,,
,,,,Olepa,,,,,,
,,,,Olulis,,,,,,
,,,,Omiodes,,,,,,
,,,,Omiza,,,,,,
,,,,Ommatophora,,,,,,
,,,,Omphisa,,,,,,
,,,,Ophiorrhabda,,,,,,
,,,,Ophisma,,,,,,
,,,,Ophiusa,,,,,,
,,,,Ophthalmis,,,,,,
,,,,Oraesia,,,,,,
,,,,Oreta,,,,,,
,,,,Orgyia,,,,,,
,,,,Oriens,,,,,,
,,,,Ornithospila,,,,,,
,,,,Oroplema,,,,,,
,,,,Orothalassodes,,,,,,
,,,,Orphanostigma,,,,,,
,,,,Orsotriaena,,,,,,
,,,,Orthaga,,,,,,
,,,,Orthocabera,,,,,,
,,,,Orthonama,,,,,,
,,,,Orudiza,,,,,,
,,,,Oruza,,,,,,
,,,,Orvasca,,,,,,
,,,,Ostrinia,,,,,,
,,,,Ourapteryx,,,,,,
,,,,Oxaeanus,,,,,,
,,,,Oxyodes,,,,,,
,,,,Ozola,,,,,,
,,,,Pachliopta,,,,,,
,,,,Pachynoa,,,,,,
,,,,Padenia,,,,,,
,,,,Paectes,,,,,,
,,,,Pagyda,,,,,,
,,,,Paliga,,,,,,
,,,,Palpita,,,,,,
,,,,Pangrapta,,,,,,
,,,,Panilla,,,,,,
,,,,Pantana,,,,,,
,,,,Pantoporia,,,,,,
,,,,Pantydia,,,,,,
,,,,Papilio,,,,,,
,,,,Paracrama,,,,,,
,,,,Paracymoriza,,,,,,
,,,,Paralebeda,,,,,,
,,,,Parallelia,,,,,,
,,,,Paranagia,,,,,,
,,,,Parantica,,,,,,
,,,,Parapoynx,,,,,,
,,,,Parasa,,,,,,
,,,,Pareronia,,,,,,
,,,,Pareumelea,,,,,,
,,,,Parnara,,,,,,
,,,,Parolulis,,,,,,
,,,,Parotis,,,,,,
,,,,Parthenos,,,,,,
,,,,Pataeta,,,,,,
,,,,Patania,,,,,,
,,,,Pelagodes,,,,,,
,,,,Pelopidas,,,,,,
,,,,Penicillaria,,,,,,
,,,,Penicillifera,,,,,,
,,,,Peratophyga,,,,,,
,,,,Pergesa,,,,,,
,,,,Pericyma,,,,,,
,,,,Peridrome,,,,,,
,,,,Perisyntrocha,,,,,,
,,,,Perixera,,,,,,
,,,,Petavia,,,,,,
,,,,Petelia,,,,,,
,,,,Petrelaea,,,,,,
,,,,Phaedyma,,,,,,
,,,,Phalanta,,,,,,
,,,,Phalera,,,,,,
,,,,Phauda,,,,,,
,,,,Phazaca,,,,,,
,,,,Phereoeca,,,,,,
,,,,Phlogophora,,,,,,
,,,,Phycidopsis,,,,,,
,,,,Phyllodes,,,,,,
,,,,Pieris,,,,,,
,,,,Piletocera,,,,,,
,,,,Pindara,,,,,,
,,,,Pingasa,,,,,,
,,,,Pirdana,,,,,,
,,,,Pithecops,,,,,,
,,,,Placosaris,,,,,,
,,,,Platyja,,,,,,
,,,,Platyptilia,,,,,,
,,,,Plecoptera,,,,,,
,,,,Pleuroptya,,,,,,
,,,,Plusiodonta,,,,,,
,,,,Plusiopalpa,,,,,,
,,,,Plutella,,,,,,
,,,,Poliobotys,,,,,,
,,,,Polydesma,,,,,,
,,,,Polyptychus,,,,,,
,,,,Polythlipta,,,,,,
,,,,Polyura,,,,,,
,,,,Pomasia,,,,,,
,,,,Poritia,,,,,,
,,,,Potanthus,,,,,,
,,,,Probithia,,,,,,
,,,,Problepsis,,,,,,
,,,,Progonia,,,,,,
,,,,Prophantis,,,,,,
,,,,Prosotas,,,,,,
,,,,Prothoe,,,,,,
,,,,Protuliocnemis,,,,,,
,,,,Prusiana,,,,,,
,,,,Psamatodes,,,,,,
,,,,Psaphis,,,,,,
,,,,Pseudeuchromia,,,,,,
,,,,Pseudoganisa,,,,,,
,,,,Pseudomicronia,,,,,,
,,,,Pseudopolynesia,,,,,,
,,,,Pseudosphetta,,,,,,
,,,,Pseudozizeeria,,,,,,
,,,,Psilalcis,,,,,,
,,,,Psilogramma,,,,,,
,,,,Psolos,,,,,,
,,,,Pterocyclophora,,,,,,
,,,,Pterophorus,,,,,,
,,,,Ptychandra,,,,,,
,,,,Pycnarmon,,,,,,
,,,,Pygospila,,,,,,
,,,,Pyloetis,,,,,,
,,,,Pyralis,,,,,,
,,,,Pyrausta,,,,,,
,,,,Pyroneura,,,,,,
,,,,Rachana,,,,,,
,,,,Rachiplusia,,,,,,
,,,,Ragadia,,,,,,
,,,,Ramadasa,,,,,,
,,,,Ramila,,,,,,
,,,,Rapala,,,,,,
,,,,Rehimena,,,,,,
,,,,Remelana,,,,,,
,,,,Rhesala,,,,,,
,,,,Rhimphalea,,,,,,
,,,,Rhinopalpa,,,,,,
,,,,Rhodoneura,,,,,,
,,,,Risoba,,,,,,
,,,,Rivula,,,,,,
,,,,Roepkiella,,,,,,
,,,,Rohana,,,,,,
,,,,Rusicada,,,,,,
,,,,Sacada,,,,,,
,,,,Saletara,,,,,,
,,,,Saliocleta,,,,,,
,,,,Salma,,,,,,
,,,,Sameodes,,,,,,
,,,,Samia,,,,,,
,,,,Saptha,,,,,,
,,,,Sarcinodes,,,,,,
,,,,Sarobides,,,,,,
,,,,Sauris,,,,,,
,,,,Savara,,,,,,
,,,,Scaptesyle,,,,,,
,,,,Schistophleps,,,,,,
,,,,Scirpophaga,,,,,,
,,,,Scopula,,,,,,
,,,,Scrobigera,,,,,,
,,,,Serrodes,,,,,,
,,,,Setora,,,,,,
,,,,Simplicia,,,,,,
,,,,Sinthusa,,,,,,
,,,,Somera,,,,,,
,,,,Spalgis,,,,,,
,,,,Spaniocentra,,,,,,
,,,,Speiredonia,,,,,,
,,,,Sphenarches,,,,,,
,,,,Sphingognatha,,,,,,
,,,,Spilarctia,,,,,,
,,,,Spilosoma,,,,,,
,,,,Spindasis,,,,,,
,,,,Spirama,,,,,,
,,,,Spodoptera,,,,,,
,,,,Spoladea,,,,,,
,,,,Stauropus,,,,,,
,,,,Stenoptilodes,,,,,,
,,,,Stictane,,,,,,
,,,,Stictoptera,,,,,,
,,,,Streblote,,,,,,
,,,,Strepsigonia,,,,,,
,,,,Striglina,,,,,,
,,,,Suada,,,,,,
,,,,Suana,,,,,,
,,,,Suastus,,,,,,
,,,,Sufetula,,,,,,
,,,,Surendra,,,,,,
,,,,Syllepte,,,,,,
,,,,Symbrenthia,,,,,,
,,,,Sympis,,,,,,
,,,,Syntypistis,,,,,,
,,,,Sypna,,,,,,
,,,,Tacola,,,,,,
,,,,Taenaris,,,,,,
,,,,Tagiades,,,,,,
,,,,Tajuria,,,,,,
,,,,Talanga,,,,,,
,,,,Tamba,,,,,,
,,,,Tanaecia,,,,,,
,,,,Tanaorhinus,,,,,,
,,,,Taractrocera,,,,,,
,,,,Tarattia,,,,,,
,,,,Targalla,,,,,,
,,,,Tarsolepis,,,,,,
,,,,Tarucus,,,,,,
,,,,Tasta,,,,,,
,,,,Tatobotys,,,,,,
,,,,Taxila,,,,,,
,,,,Tebenna,,,,,,
,,,,Teldenia,,,,,,
,,,,Telicota,,,,,,
,,,,Terastia,,,,,,
,,,,Terinos,,,,,,
,,,,Termioptycha,,,,,,
,,,,Tetragonus,,,,,,
,,,,Teulisna,,,,,,
,,,,Theretra,,,,,,
,,,,Thinopteryx,,,,,,
,,,,Thosea,,,,,,
,,,,Thyas,,,,,,
,,,,Thyrassia,,,,,,
,,,,Thysanoplusia,,,,,,
,,,,Tigrioides,,,,,,
,,,,Timandra,,,,,,
,,,,Tiracola,,,,,,
,,,,Tirathaba,,,,,,
,,,,Tirumala,,,,,,
,,,,Tiruvaca,,,,,,
,,,,Trabala,,,,,,
,,,,Traballa,,,,,,
,,,,Traminda,,,,,,
,,,,Trichosea,,,,,,
,,,,Tridrepana,,,,,,
,,,,Tridrepena,,,,,,
,,,,Trigonodes,,,,,,
,,,,Trilocha,,,,,,
,,,,Triorbis,,,,,,
,,,,Trischalis,,,,,,
,,,,Trogonoptera,,,,,,
,,,,Troides,,,,,,
,,,,Tyspanodes,,,,,,
,,,,Udaiana,,,,,,
,,,,Udara,,,,,,
,,,,Udea,,,,,,
,,,,Unkana,,,,,,
,,,,Urapteroides,,,,,,
,,,,Utetheisa,,,,,,
,,,,Utthinia,,,,,,
,,,,Vagrans,,,,,,
,,,,Vanessa,,,,,,
,,,,Vindula,,,,,,
,,,,Vitessa,,,,,,
,,,,Westermannia,,,,,,
,,,,Xanthanomis,,,,,,
,,,,Xanthetis,,,,,,
,,,,Xanthodes,,,,,,
,,,,Xanthomelaena,,,,,,
,,,,Xanthoneura,,,,,,
,,,,Xenogenes,,,,,,
,,,,Xerodes,,,,,,
,,,,Xyleutes,,,,,,
,,,,Xyroptila,,,,,,
,,,,Yashmakia,,,,,,
,,,,Yoma,,,,,,
,,,,Ypthima,,,,,,
,,,,Zamarada,,,,,,
,,,,Zeheba,,,,,,
,,,,Zeltus,,,,,,
,,,,Zethera,,,,,,
,,,,Zeuxidia,,,,,,
,,,,Zeuzera,,,,,,
,,,,Ziridava,,,,,,
,,,,Zizeeria,,,,,,
,,,,Zizina,,,,,,
,,,,Zizula,,,,,,
,,,,Zographetus,,,,,,
,,,,Zonoplusia,,,,,,
